game_id,team,opponent,season,game_type,points,minutes_played,result
1001,Lions,Tigers,2018,Regular,92,48,W
1002,Lions,Bulls,2018,Regular,88,46,L
1003,Lions,Hawks,2018,Playoff,105,48,W
1004,Tigers,Bulls,2018,Regular,90,47,W
1005,Tigers,Hawks,2019,Regular,84,44,L
1006,Bulls,Lions,2019,Regular,96,48,W
1007,Hawks,Tigers,2019,Regular,91,45,W
1008,Lions,Bulls,2019,Playoff,110,48,W
1009,Bulls,Hawks,2019,Regular,90,46,L
1010,Tigers,Lions,2020,Regular,87,47,L
1011,Hawks,Bulls,2020,Regular,93,48,W
1012,Lions,Tigers,2020,Regular,90,46,W
1013,Bulls,Lions,2020,Playoff,108,48,W
1014,Tigers,Hawks,2020,Regular,82,43,L
1015,Hawks,Lions,2021,Regular,97,48,W
1016,Lions,Bulls,2021,Regular,90,47,W
1017,Bulls,Tigers,2021,Regular,101,48,W
1018,Tigers,Hawks,2021,Regular,89,45,L
1019,Lions,Hawks,2021,Playoff,112,48,W
1020,Bulls,Lions,2022,Regular,95,46,L
1021,Hawks,Tigers,2022,Regular,90,48,W
1022,Lions,Bulls,2022,Regular,104,48,W
1023,Tigers,Lions,2022,Playoff,99,48,W
1024,Hawks,Bulls,2022,Regular,86,44,L
1025,Lions,Tigers,2023,Regular,90,47,W
1026,Bulls,Hawks,2023,Regular,98,48,W
1027,Tigers,Bulls,2023,Regular,83,45,L
1028,Hawks,Lions,2023,Playoff,107,48,L
1029,Lions,Bulls,2017,Regular,79,42,L
1030,Tigers,Hawks,2017,Regular,90,48,W
1031,Bulls,Lions,2018,Regular,85,44,L
1032,Hawks,Tigers,2018,Regular,94,48,W
1033,Lions,Hawks,2019,Regular,90,47,W
1034,Tigers,Lions,2020,Regular,76,41,L
1035,Bulls,Hawks,2021,Regular,102,48,W
1036,Hawks,Bulls,2021,Playoff,109,48,W
1037,Lions,Tigers,2022,Regular,90,48,W
1038,Tigers,Bulls,2023,Regular,92,46,W
1039,Bulls,Lions,2023,Regular,88,45,L
1040,Hawks,Tigers,2023,Regular,100,48,W
